{"x": {"mean": [0.16605977714061737, 0.21288549900054932, 0.3623558580875397, 1.0264307260513306, -3.664395570755005, -3.642181158065796, 0.3007447123527527, 0.0006386651075445116, 0.0, 0.0, 0.0, 0.0, 0.0, 0.047119203954935074, 40.51388931274414, 0.06535428017377853, 20.098501205444336], "one_over_sigma": [5.1435675621032715, 3.164747953414917, 0.6736493706703186, 0.7387821078300476, 0.7004398703575134, 0.725436806678772, 2.8856616020202637, 1.4970812797546387, 1.0, 1.0, 1.0, 1.0, 1.0, 6.155947208404541, 0.020734569057822227, 5.204317092895508, 0.02859540842473507], "dims": 3}, "v": {"mean": [0.08531126379966736, -0.0018648047698661685, 0.005113205872476101, 7.494095325469971], "one_over_sigma": [0.1232588067650795, 0.12298821657896042, 0.06883984804153442, 0.0590364933013916], "dims": 3}, "method": "mean_rms"}